Workbook

Sheet Respuestas de formulario 1
A1: Marca temporal | B1: 1. Me gustaría usar este sistema con frecuencia. | C1: 2. El sistema es innecesariamente complejo. | D1: 3. El sistema fue fácil de usar. | E1: 4. Creo que necesitaría ayuda técnica para usar este sistema. | F1: 5. Las funciones del sistema están bien integradas. | G1: 6. El sistema presenta demasiada inconsistencia. | H1: 7. La mayoría de las personas aprenderían a usar este sistema rápidamente. | I1: 8. El sistema es engorroso de usar. | J1: 9. Me sentí muy seguro usando el sistema. | K1: 10. Necesité aprender muchas cosas antes de poder usar el sistema. | L1: 11. Comentarios o consideraciones para mejorar
A2: 46303.847 | B2: 5 - Totalmente de acuerdo | C2: 1 - Totalmente en desacuerdo | D2: 5 - Totalmente de acuerdo | E2: 2 - En desacuerdo | F2: 5 - Totalmente de acuerdo | G2: 2 - En desacuerdo | H2: 5 - Totalmente de acuerdo | I2: 1 - Totalmente en desacuerdo | J2: 5 - Totalmente de acuerdo | K2: 1 - Totalmente en desacuerdo | L2: La mesa de dibujo me pareció muy chévere. Aunque sería genial que hubiera como un temporizador para que solo pudiera dibujar por un tiempo límite. También sería chévere que hubieran tipos de dibujo es decir que hubiera dibujo libre y otro fuera el recomendado por el juego para que los demás adivinen y que el juego permitiera identificar cuántas partidas ha ganado cada uno. En general la aplicación me parece muy intuitiva , chévere y de fácil uso.
A3: 46303.997 | B3: 2 - En desacuerdo | C3: 4 - De acuerdo | D3: 1 - Totalmente en desacuerdo | E3: 3 - Neutro | F3: 3 - Neutro | G3: 4 - De acuerdo | H3: 1 - Totalmente en desacuerdo | I3: 5 - Totalmente de acuerdo | J3: 5 - Totalmente de acuerdo | K3: 3 - Neutro | L3: El problema principal es que los jugadores hardcodeados (sara,tomas,lucia), hace confusa la experiencia, me gustaria empezar una partida de cero para poder entender el juego
A4: 46304.674 | B4: 4 - De acuerdo | C4: 2 - En desacuerdo | D4: 4 - De acuerdo | E4: 3 - Neutro | F4: 4 - De acuerdo | G4: 2 - En desacuerdo | H4: 4 - De acuerdo | I4: 2 - En desacuerdo | J4: 4 - De acuerdo | K4: 3 - Neutro
A5: 46306.572 | B5: 5 - Totalmente de acuerdo | C5: 1 - Totalmente en desacuerdo | D5: 5 - Totalmente de acuerdo | E5: 2 - En desacuerdo | F5: 5 - Totalmente de acuerdo | G5: 1 - Totalmente en desacuerdo | H5: 5 - Totalmente de acuerdo | I5: 1 - Totalmente en desacuerdo | J5: 5 - Totalmente de acuerdo | K5: 1 - Totalmente en desacuerdo
A6: 46307.696 | B6: 4 - De acuerdo | C6: 2 - En desacuerdo | D6: 5 - Totalmente de acuerdo | E6: 1 - Totalmente en desacuerdo | F6: 4 - De acuerdo | G6: 1 - Totalmente en desacuerdo | H6: 5 - Totalmente de acuerdo | I6: 1 - Totalmente en desacuerdo | J6: 5 - Totalmente de acuerdo | K6: 1 - Totalmente en desacuerdo | L6: Para la propuesta el componente estetico y funcional es muy importante por lo cual expandiria el sistema cosmeticamente, funcionalmente y agregaria mas minijuegos y formas de compartir espacios juntos pero la idea base es muy linda

Sheet Cálculo SUS
A1: Cálculo del puntaje SUS (System Usability Scale)
A2: Método: ítems impares (1,3,5,7,9) → respuesta − 1; ítems pares (2,4,6,8,10) → 5 − respuesta; se suman las 10 contribuciones (0–40) y se multiplican por 2,5 → puntaje SUS (0–100).
A4: 1. Respuestas convertidas a número (1 = Totalmente en desacuerdo … 5 = Totalmente de acuerdo)
A5: Participante | B5: P1 | C5: P2 | D5: P3 | E5: P4 | F5: P5 | G5: P6 | H5: P7 | I5: P8 | J5: P9 | K5: P10
A6: Participante 1 | B6: =VALUE(LEFT('Respuestas de formulario 1'!B2,1)) -> 5 | C6: =VALUE(LEFT('Respuestas de formulario 1'!C2,1)) -> 1 | D6: =VALUE(LEFT('Respuestas de formulario 1'!D2,1)) -> 5 | E6: =VALUE(LEFT('Respuestas de formulario 1'!E2,1)) -> 2 | F6: =VALUE(LEFT('Respuestas de formulario 1'!F2,1)) -> 5 | G6: =VALUE(LEFT('Respuestas de formulario 1'!G2,1)) -> 2 | H6: =VALUE(LEFT('Respuestas de formulario 1'!H2,1)) -> 5 | I6: =VALUE(LEFT('Respuestas de formulario 1'!I2,1)) -> 1 | ... K6: =VALUE(LEFT('Respuestas de formulario 1'!K2,1)) -> 1
A7: Participante 2 | B7: =VALUE(LEFT('Respuestas de formulario 1'!B3,1)) -> 2 | C7: =VALUE(LEFT('Respuestas de formulario 1'!C3,1)) -> 4 | D7: =VALUE(LEFT('Respuestas de formulario 1'!D3,1)) -> 1 | E7: =VALUE(LEFT('Respuestas de formulario 1'!E3,1)) -> 3 | F7: =VALUE(LEFT('Respuestas de formulario 1'!F3,1)) -> 3 | G7: =VALUE(LEFT('Respuestas de formulario 1'!G3,1)) -> 4 | H7: =VALUE(LEFT('Respuestas de formulario 1'!H3,1)) -> 1 | I7: =VALUE(LEFT('Respuestas de formulario 1'!I3,1)) -> 5 | ... K7: =VALUE(LEFT('Respuestas de formulario 1'!K3,1)) -> 3
A8: Participante 3 | B8: =VALUE(LEFT('Respuestas de formulario 1'!B4,1)) -> 4 | C8: =VALUE(LEFT('Respuestas de formulario 1'!C4,1)) -> 2 | D8: =VALUE(LEFT('Respuestas de formulario 1'!D4,1)) -> 4 | E8: =VALUE(LEFT('Respuestas de formulario 1'!E4,1)) -> 3 | F8: =VALUE(LEFT('Respuestas de formulario 1'!F4,1)) -> 4 | G8: =VALUE(LEFT('Respuestas de formulario 1'!G4,1)) -> 2 | H8: =VALUE(LEFT('Respuestas de formulario 1'!H4,1)) -> 4 | I8: =VALUE(LEFT('Respuestas de formulario 1'!I4,1)) -> 2 | ... K8: =VALUE(LEFT('Respuestas de formulario 1'!K4,1)) -> 3
A9: Participante 4 | B9: =VALUE(LEFT('Respuestas de formulario 1'!B5,1)) -> 5 | C9: =VALUE(LEFT('Respuestas de formulario 1'!C5,1)) -> 1 | D9: =VALUE(LEFT('Respuestas de formulario 1'!D5,1)) -> 5 | E9: =VALUE(LEFT('Respuestas de formulario 1'!E5,1)) -> 2 | F9: =VALUE(LEFT('Respuestas de formulario 1'!F5,1)) -> 5 | G9: =VALUE(LEFT('Respuestas de formulario 1'!G5,1)) -> 1 | H9: =VALUE(LEFT('Respuestas de formulario 1'!H5,1)) -> 5 | I9: =VALUE(LEFT('Respuestas de formulario 1'!I5,1)) -> 1 | ... K9: =VALUE(LEFT('Respuestas de formulario 1'!K5,1)) -> 1
A10: Participante 5 | B10: =VALUE(LEFT('Respuestas de formulario 1'!B6,1)) -> 4 | C10: =VALUE(LEFT('Respuestas de formulario 1'!C6,1)) -> 2 | D10: =VALUE(LEFT('Respuestas de formulario 1'!D6,1)) -> 5 | E10: =VALUE(LEFT('Respuestas de formulario 1'!E6,1)) -> 1 | F10: =VALUE(LEFT('Respuestas de formulario 1'!F6,1)) -> 4 | G10: =VALUE(LEFT('Respuestas de formulario 1'!G6,1)) -> 1 | H10: =VALUE(LEFT('Respuestas de formulario 1'!H6,1)) -> 5 | I10: =VALUE(LEFT('Respuestas de formulario 1'!I6,1)) -> 1 | ... K10: =VALUE(LEFT('Respuestas de formulario 1'!K6,1)) -> 1
A13: 2. Contribución de cada ítem (0–4) y puntaje SUS por participante
A14: Participante | B14: C1 | C14: C2 | D14: C3 | E14: C4 | F14: C5 | G14: C6 | H14: C7 | I14: C8 | J14: C9 | K14: C10 | L14: Suma (0–40) | M14: Puntaje SUS (0–100)
A15: =A6 -> Participante 1 | B15: =B6-1 -> 4 | C15: =5-C6 -> 4 | D15: =D6-1 -> 4 | E15: =5-E6 -> 3 | F15: =F6-1 -> 4 | G15: =5-G6 -> 3 | H15: =H6-1 -> 4 | I15: =5-I6 -> 4 | J15: =J6-1 -> 4 | K15: =5-K6 -> 4 | L15: =SUM(B15:K15) -> 38 | M15: =L15*$B$33 -> 95
A16: =A7 -> Participante 2 | B16: =B7-1 -> 1 | C16: =5-C7 -> 1 | D16: =D7-1 -> 0 | E16: =5-E7 -> 2 | F16: =F7-1 -> 2 | G16: =5-G7 -> 1 | H16: =H7-1 -> 0 | I16: =5-I7 -> 0 | J16: =J7-1 -> 4 | K16: =5-K7 -> 2 | L16: =SUM(B16:K16) -> 13 | M16: =L16*$B$33 -> 32.5
A17: =A8 -> Participante 3 | B17: =B8-1 -> 3 | C17: =5-C8 -> 3 | D17: =D8-1 -> 3 | E17: =5-E8 -> 2 | F17: =F8-1 -> 3 | G17: =5-G8 -> 3 | H17: =H8-1 -> 3 | I17: =5-I8 -> 3 | J17: =J8-1 -> 3 | K17: =5-K8 -> 2 | L17: =SUM(B17:K17) -> 28 | M17: =L17*$B$33 -> 70
A18: =A9 -> Participante 4 | B18: =B9-1 -> 4 | C18: =5-C9 -> 4 | D18: =D9-1 -> 4 | E18: =5-E9 -> 3 | F18: =F9-1 -> 4 | G18: =5-G9 -> 4 | H18: =H9-1 -> 4 | I18: =5-I9 -> 4 | J18: =J9-1 -> 4 | K18: =5-K9 -> 4 | L18: =SUM(B18:K18) -> 39 | M18: =L18*$B$33 -> 97.5
A19: =A10 -> Participante 5 | B19: =B10-1 -> 3 | C19: =5-C10 -> 3 | D19: =D10-1 -> 4 | E19: =5-E10 -> 4 | F19: =F10-1 -> 3 | G19: =5-G10 -> 4 | H19: =H10-1 -> 4 | I19: =5-I10 -> 4 | J19: =J10-1 -> 4 | K19: =5-K10 -> 4 | L19: =SUM(B19:K19) -> 37 | M19: =L19*$B$33 -> 92.5
A20: Promedio por ítem | B20: =AVERAGE(B15:B19) -> 3 | C20: =AVERAGE(C15:C19) -> 3 | D20: =AVERAGE(D15:D19) -> 3 | E20: =AVERAGE(E15:E19) -> 2.8 | F20: =AVERAGE(F15:F19) -> 3.2 | G20: =AVERAGE(G15:G19) -> 3 | H20: =AVERAGE(H15:H19) -> 3 | I20: =AVERAGE(I15:I19) -> 3 | ... M20: =AVERAGE(M15:M19) -> 77.5
A23: 3. Resultado SUS del sistema | E23: Desde (puntaje) | F23: Calificación adjetiva
A24: Número de respuestas | B24: =COUNT(M15:M19) -> 5 | E24: 0 | F24: Peor imaginable
A25: PUNTAJE SUS PROMEDIO | B25: =AVERAGE(M15:M19) -> 77.5 | E25: 25 | F25: Pobre
A26: Mediana | B26: =MEDIAN(M15:M19) -> 92.5 | E26: 39 | F26: Regular
A27: Mínimo | B27: =MIN(M15:M19) -> 32.5 | E27: 52 | F27: Bueno
A28: Máximo | B28: =MAX(M15:M19) -> 97.5 | E28: 73 | F28: Excelente
A29: Desviación estándar (muestral) | B29: =IF(B24>1,STDEV(M15:M19),"n/a") -> 27.443123 | E29: 85 | F29: Mejor imaginable
A30: Interpretación (calificación adjetiva) | B30: =INDEX($F$24:$F$29,MATCH(B25,$E$24:$E$29,1)) -> Excelente | E30: Rangos adjetivos según Bangor, Kortum & Miller (2009).
A31: Referencia de la industria (promedio) | B31: =B34 -> 68
A32: Frente a la referencia | B32: =IF(B25>=B34,"Por encima","Por debajo")&" de la referencia ("&TEXT(B25-B34,"+0.0;-0.0")&" puntos)" -> Por encima de la referencia (+10 puntos)
A33: Factor de escala SUS (parámetro) | B33: 2.5
A34: Referencia SUS promedio (parámetro) | B34: 68 | C34: Valor de referencia ampliamente citado (Sauro, 2011); celdas azules = parámetros editables.
